Source,Date,Text,URL,Favorites,Retweets,Replies
Extra,2016-05-17 10:43:02,Buenos días! Compartimos los principales títulos del día.   Excelente jornada para todos. #TapaExtra https://t.co/KdXlOuUqWj,http://www.twitter.com/DiarioExtraPy/status/732521804116467712,0,3,0
Extra,2016-05-17 10:16:19,#Actualidad Con la prohibición pasaron de ser limpiavidrios a vendedores https://t.co/zkfitV1Dod https://t.co/5HIiM709tA,http://www.twitter.com/DiarioExtraPy/status/732515079279640577,0,0,0
Extra,2016-05-17 10:15:29,#Actualidad Playero sobrevivió de milagro tras ser atropellado en surtidor https://t.co/IwdP1NwLKM https://t.co/KGwhNK1YsL,http://www.twitter.com/DiarioExtraPy/status/732514870059360257,0,0,0
Extra,2016-05-17 10:14:24,#Actualidad “Mujeres al volante... seguridad constante” https://t.co/sBwcVfblvW https://t.co/zNM7aUKp8H,http://www.twitter.com/DiarioExtraPy/status/732514597396078592,0,1,0
Extra,2016-05-17 10:14:23,#Actualidad Cierran escuela: piden salida de maestra del video “porno” https://t.co/MIuvq83AFx https://t.co/lzGZiuku6R,http://www.twitter.com/DiarioExtraPy/status/732514595953221636,0,1,0
Extra,2016-05-17 10:13:08,#Actualidad Cancelación de la Línea 9 es motivo de protestas https://t.co/adjf5PuWY8 https://t.co/VnuDjlEBMY,http://www.twitter.com/DiarioExtraPy/status/732514278704484352,0,0,0
Extra,2016-05-17 10:12:14,#Actualidad Apresan a hombre por acoso sexual a un escolar de 12 años https://t.co/LTbBrxgn9B https://t.co/nDOiTmP0C2,http://www.twitter.com/DiarioExtraPy/status/732514055324196864,0,1,0
Extra,2016-05-17 10:11:17,#TuDinero Ofrecen puestos laborales a personas con discapacidad https://t.co/G5dMs2Nj5r https://t.co/VyfjOHJ4kI,http://www.twitter.com/DiarioExtraPy/status/732513812692115456,0,1,0
Extra,2016-05-17 10:10:19,#Denuncia Asegura que un médico amenazó con balearle https://t.co/ArK4s67WfP https://t.co/NlNRBPnDBU,http://www.twitter.com/DiarioExtraPy/status/732513570416525312,0,0,0
Extra,2016-05-17 10:09:24,#Mundo Trasplantan pene a un hombre en EE .UU. https://t.co/pYAoqwBW21 https://t.co/T8d94JxuuN,http://www.twitter.com/DiarioExtraPy/status/732513342493851648,0,1,0
Extra,2016-05-17 10:08:09,#Fama Famosos creen que la monotonía genera infidelidad https://t.co/n2q96o3xC2 https://t.co/hkSYTDDy9V,http://www.twitter.com/DiarioExtraPy/status/732513026461425664,0,0,0
Extra,2016-05-17 10:07:14,#Fama Tom Cruise quiere exorcizar a su hija https://t.co/R9I8hzWB5N https://t.co/yINGBDfdWx,http://www.twitter.com/DiarioExtraPy/status/732512795766349824,0,0,0
Extra,2016-05-17 10:05:58,#Deportes Los jugadores se rebelaron y el DT pasó su primer examen final https://t.co/XNAdCncH6l https://t.co/56qqWbMk6e,http://www.twitter.com/DiarioExtraPy/status/732512474516230144,0,0,0
Extra,2016-05-17 10:05:15,#Deportes Medina tuvo la bendición de “Sa-Sá” https://t.co/q2D367a28E https://t.co/Op0ROu55By,http://www.twitter.com/DiarioExtraPy/status/732512295692046336,0,0,0
Extra,2016-05-17 10:04:15,#Deportes En la “O” mantienen un “Chiqui” de esperanza https://t.co/fJfgSA59Qc https://t.co/xd5jy7jscj,http://www.twitter.com/DiarioExtraPy/status/732512046449709057,0,2,0
Extra,2016-05-17 10:03:11,#Deportes La Selección junta a más soldados en la Albiróga https://t.co/2ALnXVtoM5 https://t.co/MLuUY4JGs1,http://www.twitter.com/DiarioExtraPy/status/732511776810508288,0,0,0
Extra,2016-05-17 10:02:13,#Deportes Un Ropero pasado de “copas” en Dinamarca https://t.co/I9FRfwpu2E https://t.co/CPMMZyDACv,http://www.twitter.com/DiarioExtraPy/status/732511532802695168,1,1,0
Extra,2016-05-17 10:01:10,#Columnistas El tren de las oportunidades https://t.co/0qEulMQcJE https://t.co/YbWkF1J2el,http://www.twitter.com/DiarioExtraPy/status/732511269358436352,0,0,0
Extra,2016-05-16 11:00:52,Cordiales saludos! Aquí les presentamos la portada de lunes 16 de Mayo. https://t.co/tclhxKYgrg,http://www.twitter.com/DiarioExtraPy/status/732163905745719298,1,1,0
Extra,2016-05-16 10:16:36,#Actualidad Se prendió fuego luego de una fuerte discusión con su esposo https://t.co/37rsSroVT7 https://t.co/PsrJT4hhZW,http://www.twitter.com/DiarioExtraPy/status/732152765519036420,0,0,0
Extra,2016-05-16 10:16:17,"#Actualidad Junto a una Miss, Cartes envió un “beso enorme a las mamis” https://t.co/hytxn6VxXb https://t.co/slTEScy6M2",http://www.twitter.com/DiarioExtraPy/status/732152687022596096,0,1,0
Extra,2016-05-16 10:14:28,"#Actualidad Desde hoy, policías sacarán a los limpiavidrios de las calles https://t.co/X5R9r88EIN https://t.co/4dpEWyUHzm",http://www.twitter.com/DiarioExtraPy/status/732152228706799618,5,9,0
Extra,2016-05-16 10:13:28,#Actualidad La historia del extraño jardín de muñecas de doña Felicia https://t.co/XxicMEk42w https://t.co/lelYZOVPd6,http://www.twitter.com/DiarioExtraPy/status/732151976297779200,0,0,0
Extra,2016-05-16 10:12:22,#Actualidad Comisario les lleva a misa y da desayunos https://t.co/xoqKzhQYVG https://t.co/faCaWzHyZt,http://www.twitter.com/DiarioExtraPy/status/732151697393360896,0,0,0
Extra,2016-05-16 10:11:24,"#Actualidad “La llevó a la fuerza”, afirmó la madre de menor abusada https://t.co/j9AWs5ZceC https://t.co/Syk7szjHyJ",http://www.twitter.com/DiarioExtraPy/status/732151454681550848,0,1,0
Extra,2016-05-16 10:10:26,#TuDinero Ofrecen 537 puestos laborales https://t.co/k3mV9wXVoQ https://t.co/ERNadCfmXX,http://www.twitter.com/DiarioExtraPy/status/732151211281895425,0,4,0
Extra,2016-05-16 10:09:34,#Denuncia Fotodenuncias https://t.co/Waw9LlMRpt https://t.co/gITpZ37HiV,http://www.twitter.com/DiarioExtraPy/status/732150996277723136,0,0,0
Extra,2016-05-16 10:08:53,#Mundo Descubrió mensajes en WhatsApp y la mató https://t.co/VbmZjElkSh https://t.co/frBGi075wq,http://www.twitter.com/DiarioExtraPy/status/732150824307019776,0,0,0
Extra,2016-05-16 10:08:29,#Fama El lujoso casamiento de la modelo Egny Eckert https://t.co/HAcuZCzXjS https://t.co/Yd3Stjkoh3,http://www.twitter.com/DiarioExtraPy/status/732150720128946176,2,1,0
Extra,2016-05-16 10:07:05,#Fama Actriz paraguaya participa en la nueva película de “Gilda” https://t.co/4hq6fwe6TV,http://www.twitter.com/DiarioExtraPy/status/732150368918867968,0,1,0
Extra,2016-05-16 10:05:41,#Deportes No deja de trepar hacia el título https://t.co/DUqRUpxUbr https://t.co/X0uNlWxWWU,http://www.twitter.com/DiarioExtraPy/status/732150018329600000,0,0,0
Extra,2016-05-16 10:04:42,#Deportes El Expreso arrasa ante el Rubio y sigue soñando https://t.co/5b4f1foZ2G https://t.co/ymsNrVeym4,http://www.twitter.com/DiarioExtraPy/status/732149768902705153,0,1,0
Extra,2016-05-16 10:04:22,#Deportes El Ciclón mide a Capiatá luego del café de Zapag https://t.co/by7du1mG9g https://t.co/YJvfyhvEuB,http://www.twitter.com/DiarioExtraPy/status/732149685364776960,1,1,0
Extra,2016-05-16 10:02:56,#Deportes La Intermedia tiene un líder con mucha madera https://t.co/CJLVRpvdOS https://t.co/eyuLrB6AVI,http://www.twitter.com/DiarioExtraPy/status/732149325963268096,0,0,0
Extra,2016-05-16 10:01:47,#Deportes Misión más que cumplida https://t.co/Nzk4X3kKTG https://t.co/5iWZjItujk,http://www.twitter.com/DiarioExtraPy/status/732149037525147649,0,0,0
Extra,2016-05-16 10:01:23,#Columnistas Crisis es oportunidad https://t.co/zQRNEHa4kh https://t.co/cHtIgEvrU2,http://www.twitter.com/DiarioExtraPy/status/732148934156636160,4,4,0
Extra,2016-05-15 12:30:24,Cordiales saludos! Ésta es nuestra portada de este 15 de Mayo.  Feliz Día a todas las Madres del Paraguay! https://t.co/rz9gJj0mCB,http://www.twitter.com/DiarioExtraPy/status/731824050352340993,4,3,0
Extra,2016-05-15 10:16:20,#Actualidad Mamá donó a su hija un riñón y trabaja para su tratamiento https://t.co/rAqZ2xqWJa https://t.co/bCMSIj78J7,http://www.twitter.com/DiarioExtraPy/status/731790308615196674,2,0,0
Extra,2016-05-15 10:14:39,#Actualidad El más aplaudido en el desfile patrio fue un excombatiente https://t.co/KxqGkhpR6P https://t.co/I7RLmWEqbg,http://www.twitter.com/DiarioExtraPy/status/731789885783179265,2,1,0
Extra,2016-05-15 10:13:56,#Actualidad Encuentran antiguo estribo en el Parque Nacional Cerro Corá https://t.co/zWuTiAuN1i https://t.co/0iIlvfRzST,http://www.twitter.com/DiarioExtraPy/status/731789705696550912,4,3,0
Extra,2016-05-15 10:11:56,#Actualidad Mariano: 2 choques y 2 muertos en 45 minutos https://t.co/bVxGv73pHW https://t.co/RH9WeEkcQv,http://www.twitter.com/DiarioExtraPy/status/731789200870150144,1,0,0
Extra,2016-05-15 10:10:30,#Actualidad Mujer mató a su pareja de un balazo en un arranque de celos https://t.co/8Grma6CH5F https://t.co/EO4rV1nFhu,http://www.twitter.com/DiarioExtraPy/status/731788843758718976,0,1,0
Extra,2016-05-15 10:09:43,#Denuncia Denuncian uso particular de la única ambulancia https://t.co/juz4ICy07O,http://www.twitter.com/DiarioExtraPy/status/731788646576087040,0,0,0
Extra,2016-05-15 10:08:45,#Mundo Pasó de ser una modelo a primera dama https://t.co/rwW9bS9S4h,http://www.twitter.com/DiarioExtraPy/status/731788401221869568,1,2,2
Extra,2016-05-15 10:08:25,#Fama Actor paraguayo se destacó en la película de Keanu Reeves https://t.co/2oxFOGCMsD https://t.co/5QTVx618MS,http://www.twitter.com/DiarioExtraPy/status/731788317180583936,1,2,0
Extra,2016-05-15 10:07:07,#Fama “Si gano invertiré el dinero en mis estudios” https://t.co/uW4PhjNT7q https://t.co/kgIKLXRUHk,http://www.twitter.com/DiarioExtraPy/status/731787992155611136,0,0,0
Extra,2016-05-15 10:05:52,#Deportes Un “Tiburón” hambriento de título ante la fe del “Míster” https://t.co/eNICGcmkti,http://www.twitter.com/DiarioExtraPy/status/731787676618096640,0,0,0
Extra,2016-05-15 10:04:38,#Deportes El “Expreso” está listo para su próxima parada https://t.co/1WeXV1Do9R https://t.co/J14UKnbuC9,http://www.twitter.com/DiarioExtraPy/status/731787365165883392,1,0,0
Extra,2016-05-15 10:04:03,#Deportes Pulseada entre los más “pintados” de Ñemby https://t.co/WYnWXWba5J https://t.co/twXZPKNkO4,http://www.twitter.com/DiarioExtraPy/status/731787217601859584,1,0,0
Extra,2016-05-15 10:03:12,#Deportes El Sol se apagó ante la Danza del Indio https://t.co/sTQLNW9gh7 https://t.co/YpOxW8bs6I,http://www.twitter.com/DiarioExtraPy/status/731787004975808512,1,0,0
Extra,2016-05-15 10:02:10,#Deportes Marín puso a gozar a la “República” https://t.co/h53hpxxDWJ https://t.co/HWAQ7sXMpR,http://www.twitter.com/DiarioExtraPy/status/731786745948164096,1,0,0
Extra,2016-05-15 10:00:45,#Columnistas Entre los brazos de Mamá https://t.co/K8yVy8F3uJ https://t.co/OPQtoyV23D,http://www.twitter.com/DiarioExtraPy/status/731786389914669056,0,1,0
Extra,2016-05-14 12:12:08,Feliz día de la Patria! Compartimos con ustedes los títulos de esta jornada. https://t.co/LN28a7z4lP,http://www.twitter.com/DiarioExtraPy/status/731457064761999361,1,5,0
Extra,2016-05-14 10:16:40,#Actualidad 5 tips para que no te roben en las estaciones de servicios https://t.co/eqRsIsFksJ https://t.co/W7Xzad1rlF,http://www.twitter.com/DiarioExtraPy/status/731428006690836480,1,0,5
Extra,2016-05-14 10:15:37,#Actualidad Hieren a un policía que abortó asalto a banco https://t.co/kpkFiMQmpA https://t.co/KlBHovYiNS,http://www.twitter.com/DiarioExtraPy/status/731427743263494145,1,0,0
Extra,2016-05-14 10:15:11,#Actualidad Mamá usó un curioso accesorio para que su hijo no se pierda https://t.co/SNFv0OLaZ9 https://t.co/DCQzofkq8r,http://www.twitter.com/DiarioExtraPy/status/731427632080818177,0,1,1
Extra,2016-05-14 10:13:31,#Actualidad Muni capitalina controlará a limpiavidrios en 22 esquinas https://t.co/tHMxQ1PxXU https://t.co/6qjU4nsecy,http://www.twitter.com/DiarioExtraPy/status/731427210989424641,1,0,0
Extra,2016-05-14 10:12:23,#Actualidad Ponen candado a puertas de los micros https://t.co/cfcFiWc2jr,http://www.twitter.com/DiarioExtraPy/status/731426926514987008,0,0,0
Extra,2016-05-14 10:11:57,#Actualidad Música y baile en homenaje a las madres del Buen Pastor https://t.co/rnTWOjYx5e https://t.co/agIgbSpp0z,http://www.twitter.com/DiarioExtraPy/status/731426819228848129,0,0,0
Extra,2016-05-14 10:11:07,#TuDinero Ofrecen 24 puestos para médicos en Ministerio de Salud https://t.co/JQjyjE8XzY https://t.co/xLqmcx1JWy,http://www.twitter.com/DiarioExtraPy/status/731426607227764736,0,0,0
Extra,2016-05-14 10:10:16,#Denuncia Están aislados por culpa de caminos intransitables https://t.co/dNpFCtBydR https://t.co/MQHXjmbZeP,http://www.twitter.com/DiarioExtraPy/status/731426393116921856,0,1,0
Extra,2016-05-14 10:09:17,"#Mundo “Chismes destruyen la familia”, dijo Francisco https://t.co/JWJCpCjJDK https://t.co/PSmW0xCfCd",http://www.twitter.com/DiarioExtraPy/status/731426146462498816,1,1,0
Extra,2016-05-14 10:07:23,#Fama Corrió en el canal por temor a las vacunas https://t.co/IA1sVmAtAQ https://t.co/c1603VY88E,http://www.twitter.com/DiarioExtraPy/status/731425670056710144,1,0,0
Extra,2016-05-14 10:06:39,#Fama Cambiaron la farándula por una vida tranquila https://t.co/7tXvSZkEDx,http://www.twitter.com/DiarioExtraPy/status/731425483686973440,2,1,0
Extra,2016-05-14 10:05:24,#Deportes Y un día... el “Turco” se hartó de todos https://t.co/DnoIzpR2h0 https://t.co/iRghp4IVIu,http://www.twitter.com/DiarioExtraPy/status/731425171144220672,1,1,0
Extra,2016-05-14 10:04:44,#Deportes El “Rey” alista las armas para mantener la ilusión https://t.co/vXPQuBCyiD https://t.co/V0SnMHzvgX,http://www.twitter.com/DiarioExtraPy/status/731425003669880832,2,2,0
Extra,2016-05-14 10:03:48,#Deportes La ciudad del “Cántaro y la Miel” se paraliza https://t.co/r4Jho96jCl,http://www.twitter.com/DiarioExtraPy/status/731424765655683072,0,0,0
Extra,2016-05-14 10:02:39,#Deportes Viernes 13 cargado de sorpresas para Tonny https://t.co/JFphKOrOTk https://t.co/Jf3dkXN6x7,http://www.twitter.com/DiarioExtraPy/status/731424477813215232,1,1,0
Extra,2016-05-14 10:01:30,#Deportes El soldado González salvó una catástrofe https://t.co/yJyCKywVhl https://t.co/MQJSU1P5bZ,http://www.twitter.com/DiarioExtraPy/status/731424187122782210,0,0,0
Extra,2016-05-14 10:00:30,#Columnistas El feriado y asueto guaireño https://t.co/YhdgpvXbUb,http://www.twitter.com/DiarioExtraPy/status/731423938039844864,0,0,0
Extra,2016-05-13 10:30:27,Cordiales saludos! Les presentamos nuestra portada de este viernes. https://t.co/AKWLgTcHp0,http://www.twitter.com/DiarioExtraPy/status/731069085593829376,3,1,0
Extra,2016-05-13 10:21:32,#Actualidad Adolfo Trotte habría tomado de rehén a su pareja en la cárcel https://t.co/JcLp9syCdG https://t.co/hvMxByMqpJ,http://www.twitter.com/DiarioExtraPy/status/731066841951412224,5,6,0
Extra,2016-05-13 10:20:31,"#Deportes La Copa Centenario, la última del León Guaraní https://t.co/Fe7cthxkXO https://t.co/CGtS6fdMMq",http://www.twitter.com/DiarioExtraPy/status/731066587348799488,1,0,0
Extra,2016-05-13 10:19:25,"#Actualidad Ayer, contadores; hoy, lavadores de autos a domicilio https://t.co/TAPE7wwWGv https://t.co/9JbKkBSewH",http://www.twitter.com/DiarioExtraPy/status/731066308318502912,1,1,0
Extra,2016-05-13 10:18:33,#Actualidad El cielo raso salvó las vidas de alumnitos en una escuela https://t.co/qhkPU9Q37y https://t.co/iHU9rRVkNw,http://www.twitter.com/DiarioExtraPy/status/731066091212955648,1,4,0
Extra,2016-05-13 10:14:28,#Actualidad Reina del Hospital de Clínicas y de admirables enfermeras https://t.co/ZsZnvgBkqN https://t.co/15zscc3uSa,http://www.twitter.com/DiarioExtraPy/status/731065063793008640,0,0,0
Extra,2016-05-13 10:13:28,#Actualidad Limpiavidrios protestarán si no les dan un trabajo seguro https://t.co/t1bwG0cCzU https://t.co/Y4qpCffLCw,http://www.twitter.com/DiarioExtraPy/status/731064810918449152,1,0,0
Extra,2016-05-13 10:12:21,#Actualidad Simulaban ser del EPP desde la penitenciaría https://t.co/4rBUn78e0u https://t.co/LVXlgfXVzQ,http://www.twitter.com/DiarioExtraPy/status/731064532685070336,0,0,0
Extra,2016-05-13 10:10:20,#TuDinero Ofrecen 110 puestos en el Ministerio de Obras Públicas https://t.co/aSfwPNgxVP,http://www.twitter.com/DiarioExtraPy/status/731064023374913536,0,0,0
Extra,2016-05-13 10:09:30,"#Denuncia Dejó la carrera, pero igual debe pagar las cuotas https://t.co/8Elndre3J9 https://t.co/1yc9qd8tpb",http://www.twitter.com/DiarioExtraPy/status/731063815891099648,0,1,0
Extra,2016-05-13 10:08:28,#Mundo Temer es el presidente interino de Brasil https://t.co/laAKkHCZgq https://t.co/kZFsMAMOH7,http://www.twitter.com/DiarioExtraPy/status/731063555479375872,0,0,0
Extra,2016-05-13 10:07:33,#Fama Preparan un fin de semana cargado de varias actividades por las fiestas patrias https://t.co/BZYLG9i1Ek https://t.co/xfYNl3rubP,http://www.twitter.com/DiarioExtraPy/status/731063323773435904,0,1,0
Extra,2016-05-13 10:06:36,#Fama Sol Cartes celebró el cumpleaños de su perro https://t.co/Ag2D1a7Be2 https://t.co/8qbQtjatr1,http://www.twitter.com/DiarioExtraPy/status/731063086543601664,0,1,0
Extra,2016-05-13 10:05:47,#Deportes Fidencio ya no quiere saber nada del Ciclón https://t.co/Ksa9ZC6vfF https://t.co/UI0r7BHKWE,http://www.twitter.com/DiarioExtraPy/status/731062877407182852,0,2,1
Extra,2016-05-13 10:04:34,#Deportes En la “O” niegan ayuda de árbitros https://t.co/YmffsYX5Lj https://t.co/Bpw4ee3HQc,http://www.twitter.com/DiarioExtraPy/status/731062572036718592,0,0,0
Extra,2016-05-13 10:03:45,#Deportes “Piris Da Motta y Palau son los más llorones” https://t.co/Tpl5wyjOfw https://t.co/6MSBR0Bpnr,http://www.twitter.com/DiarioExtraPy/status/731062369246318593,0,0,0
Extra,2016-05-13 10:02:40,#Deportes Esperan una mano del Rubio para dar la vuelta https://t.co/2zsIWamsVT https://t.co/hSSDfcV3jB,http://www.twitter.com/DiarioExtraPy/status/731062096717221888,0,0,0
Extra,2016-05-13 10:01:27,#Deportes Su paso por el Barza “fue un fracaso” https://t.co/fhIh2W4U6D https://t.co/x5AADarqIF,http://www.twitter.com/DiarioExtraPy/status/731061787727011840,0,1,0
Extra,2016-05-13 10:00:27,"#Columnistas Menos CAL y más cemento, menos parla y más laburo https://t.co/VkssimHkm6 https://t.co/qKPHnm1887",http://www.twitter.com/DiarioExtraPy/status/731061535338954752,0,0,0
Extra,2016-05-12 10:16:28,#Actualidad Estudiantes lograron su meta y Gobierno firmó compromiso https://t.co/yqdlyQmEoP https://t.co/TXNq1OikU4,http://www.twitter.com/DiarioExtraPy/status/730703180808380416,0,2,0
Extra,2016-05-12 10:15:23,#Actualidad Bebés con principio de anemia tras vararse micro en el Chaco https://t.co/LyBVnKYzv7 https://t.co/MgsMaOMJ6s,http://www.twitter.com/DiarioExtraPy/status/730702909118156801,0,1,0
Extra,2016-05-12 10:15:00,"#Actualidad “Inicié haciendo zapatos para mi novia, ahora vivo del cuero” https://t.co/xsp8h6j8sc https://t.co/eIPUOzLOuY",http://www.twitter.com/DiarioExtraPy/status/730702809784410112,0,0,0
Extra,2016-05-12 10:13:33,#Actualidad Aparatoso desalojo en Ñemby termina con dos detenidos https://t.co/JwHmJOWtE8 https://t.co/CaIb272Wyo,http://www.twitter.com/DiarioExtraPy/status/730702445064507392,0,0,0
Extra,2016-05-12 10:12:37,#Actualidad Reveló su abuso al mirar una telenovela https://t.co/BdR4L9ek8r https://t.co/l8tAToKlYm,http://www.twitter.com/DiarioExtraPy/status/730702210430951424,0,0,0
Extra,2016-05-12 10:11:43,"#Actualidad “Le clavó mientras él dormía, era muy celosa” https://t.co/jbnQKC1ltY https://t.co/MLyDluE911",http://www.twitter.com/DiarioExtraPy/status/730701983305203714,0,2,0
Extra,2016-05-12 10:10:54,#TuDinero Ofrecen becas universitarias para 200 carreras en Brasil https://t.co/AYV3XzHNj2 https://t.co/qlbe5X1NDS,http://www.twitter.com/DiarioExtraPy/status/730701778191159296,0,0,0
Extra,2016-05-12 10:09:54,#Denuncia No le alzó el micro y por eso rompió su parabrisas https://t.co/GyT4KvU318 https://t.co/cuTOD4tk1Y,http://www.twitter.com/DiarioExtraPy/status/730701528210640897,0,0,0
Extra,2016-05-12 10:09:02,#Mundo Mayoría del Senado se expresó a favor del juicio https://t.co/U9vWB4pKYm https://t.co/3YhKYxoG02,http://www.twitter.com/DiarioExtraPy/status/730701310899552256,0,1,0
Extra,2016-05-12 10:08:15,#Fama Video de participante de “Camino al Éxito” es furor en las redes sociales https://t.co/xT1DxxYj3M,http://www.twitter.com/DiarioExtraPy/status/730701112248913920,0,0,0
Extra,2016-05-12 10:06:29,#Fama La sexy nutricionista que arrasa en Brasil https://t.co/9Pp9cjGVtH https://t.co/EWUEbDNL3I,http://www.twitter.com/DiarioExtraPy/status/730700666448945152,1,0,0
Extra,2016-05-12 10:05:55,#Deportes El Rubio metió el dedo en la llaga https://t.co/k9AsGrMCTC https://t.co/oM0Ixor1kS,http://www.twitter.com/DiarioExtraPy/status/730700526648594432,0,1,0
Extra,2016-05-12 10:05:00,#Deportes Aldave se bajó del barco luego del fracaso copero https://t.co/5anZ3eE0cI https://t.co/sn6S9PjDGY,http://www.twitter.com/DiarioExtraPy/status/730700294934302720,0,0,0
Extra,2016-05-12 10:03:53,#Deportes Fabbro ya no se negaría a vestir la franja negra https://t.co/vHOi5Q5SGi https://t.co/bX7E9TJbhu,http://www.twitter.com/DiarioExtraPy/status/730700010950512640,0,0,0
Extra,2016-05-12 10:02:49,#Deportes Un triste día de Ayala en la “O” https://t.co/cpaNGO84Ed https://t.co/YOYi2EIvHx,http://www.twitter.com/DiarioExtraPy/status/730699742653513728,0,2,0
Extra,2016-05-12 10:01:45,#Deportes El “Monchi” defiende la convocatoria de Iturbe https://t.co/bYKjFQ9U4Y https://t.co/tmKnFzHNUW,http://www.twitter.com/DiarioExtraPy/status/730699476151631872,0,0,0
Extra,2016-05-12 10:01:20,#Columnistas Un cambio de chip https://t.co/mLWXzH8GLT https://t.co/mo4yhRgttY,http://www.twitter.com/DiarioExtraPy/status/730699369217855488,1,1,0
Extra,2016-05-11 10:30:27,#TapaExtra Buenos días! Compartimos la portada de este día. https://t.co/x6xnRLBdfd,http://www.twitter.com/DiarioExtraPy/status/730344311368339458,0,2,0
Extra,2016-05-11 10:17:35,#Fama “Abusaron de lo vulgar en TV y no lograron superar a El Chavo” https://t.co/nXMrJFFJoM https://t.co/bwdjD9Q5Rg,http://www.twitter.com/DiarioExtraPy/status/730341071239008257,1,3,0
Extra,2016-05-11 10:17:15,#Actualidad Beba fue abandonada en la carrocería de una camioneta https://t.co/EpLl48vpqj https://t.co/qd0fwde7PK,http://www.twitter.com/DiarioExtraPy/status/730340986845421568,0,0,0
Extra,2016-05-11 10:16:07,#Actualidad Cura: “Persiguen a inocentes y a culpables los encubren” https://t.co/YfHjPTFXhH https://t.co/7ZMaprPyDQ,http://www.twitter.com/DiarioExtraPy/status/730340703155326976,0,0,0
Extra,2016-05-11 10:14:42,#Actualidad Terapia en sanatorios privados vía judicial https://t.co/BnHfrlgr0k https://t.co/o2gepaVT5u,http://www.twitter.com/DiarioExtraPy/status/730340345335021569,1,0,0
Extra,2016-05-11 10:14:00,#Actualidad Tratan de quemar documentos en un colegio sanlorenzano https://t.co/HQW4QGSmw3 https://t.co/jjf7VBwCJW,http://www.twitter.com/DiarioExtraPy/status/730340171602792448,0,0,0
Extra,2016-05-11 10:13:07,#Actualidad Lustrando zapatos sustenta a su familia https://t.co/YrmQ01RCKO,http://www.twitter.com/DiarioExtraPy/status/730339946955870208,0,0,0
Extra,2016-05-11 10:12:07,#Actualidad Delincuentes roban una mochila con ropa sucia https://t.co/ep5XzqXYNY https://t.co/UNUASTvJse,http://www.twitter.com/DiarioExtraPy/status/730339698296524804,0,1,0
Extra,2016-05-11 10:10:26,#TuDinero Este viernes ofrecerán 80 trabajos para limpiavidrios https://t.co/330Tr2hC28 https://t.co/g1zbVwiwdJ,http://www.twitter.com/DiarioExtraPy/status/730339274852175873,0,1,0
Extra,2016-05-11 10:09:28,#Denuncia Piden prisión para papá que no cumple con su hijo https://t.co/eRxA8GO79t https://t.co/46I1BysvQ0,http://www.twitter.com/DiarioExtraPy/status/730339031976792065,0,0,0
Extra,2016-05-11 10:08:33,#Mundo Cura prohíbe entrar a la iglesia con ropas sexis https://t.co/ipMKsbQOKN https://t.co/AaAlY01GaT,http://www.twitter.com/DiarioExtraPy/status/730338800723861505,0,0,0
Extra,2016-05-11 10:07:34,#Fama Bono elogió y ejecutó una guitarra paraguaya https://t.co/bKzYSxNF7G https://t.co/4A7EsXJtlb,http://www.twitter.com/DiarioExtraPy/status/730338550147743744,0,2,1
Extra,2016-05-11 10:05:56,#Deportes Trovato pide la Roja para Andino https://t.co/Xu60nJaAxf https://t.co/Suxvtywt84,http://www.twitter.com/DiarioExtraPy/status/730338141517680641,0,0,0
Extra,2016-05-11 10:04:59,#Deportes Un Ciclón insatisfecho va por el “Rubio” y por el acumulativo https://t.co/OmrMVAsTts https://t.co/w02cW4dNsL,http://www.twitter.com/DiarioExtraPy/status/730337902278762497,0,0,0
Extra,2016-05-11 10:04:01,#Deportes Nerviosismo en la Toldería https://t.co/yPO3GXqy3L https://t.co/MbjG55Teky,http://www.twitter.com/DiarioExtraPy/status/730337659814449154,2,0,0
Extra,2016-05-11 10:03:20,#Deportes El “NO” de Lucas a la Albirroja https://t.co/ezRqfuuyOg https://t.co/cCWOlsNx2H,http://www.twitter.com/DiarioExtraPy/status/730337484744220672,0,0,0
Extra,2016-05-11 10:01:57,"#Deportes Gustavo, un agradecido con Cartes y Libertad https://t.co/GLk31d62jg https://t.co/VUb6Pjof3z",http://www.twitter.com/DiarioExtraPy/status/730337140421206017,5,8,1
Extra,2016-05-11 10:01:01,#Columnistas Que no sea el Tacuara del MEC https://t.co/0d1tfhC4ZW https://t.co/oRYClJqeQx,http://www.twitter.com/DiarioExtraPy/status/730336902214127617,0,0,0
Extra,2016-05-10 10:30:26,#TapaExtra Cordiales saludos! Les presentamos nuestros principales títulos de este martes. https://t.co/w25jcqoIRB,http://www.twitter.com/DiarioExtraPy/status/729981917907529728,2,2,0
Extra,2016-05-10 10:18:46,#Actualidad Designación de Riera al frente del MEC indignó a estudiantes https://t.co/OI5oKtejga https://t.co/cwsuNh4NV4,http://www.twitter.com/DiarioExtraPy/status/729978983501045760,1,2,0
Extra,2016-05-10 10:16:50,"#Actualidad Mataron a un hombre, y a su hija dejaron en grave estado https://t.co/k9STmYjpQl https://t.co/2fbETO3Bpl",http://www.twitter.com/DiarioExtraPy/status/729978495166603264,0,2,0
Extra,2016-05-10 10:15:49,"#Deportes Orteman, en problemas por el “Kun” Roldán https://t.co/6ph2uutIKf https://t.co/5rkOukWERE",http://www.twitter.com/DiarioExtraPy/status/729978240203268097,0,0,0
Extra,2016-05-10 10:14:54,#Actualidad Afirman que besar a una niña en la boca “roza la perversión” https://t.co/pef1DmwKKM https://t.co/TcoDIdC1O3,http://www.twitter.com/DiarioExtraPy/status/729978011240386569,0,1,0
Extra,2016-05-10 10:14:13,#Actualidad “Es lógico que un niño puede fastidiar durante un exámen” https://t.co/gqYgmBLwRf https://t.co/2RAoUfNcXC,http://www.twitter.com/DiarioExtraPy/status/729977839584317440,0,1,0
Extra,2016-05-10 10:12:58,#Actualidad Se encadenó para exigir el arreglo de caminos https://t.co/8X3lscwElA https://t.co/37fTDfq8UA,http://www.twitter.com/DiarioExtraPy/status/729977524097159168,2,1,0
Extra,2016-05-10 10:12:17,#Actualidad Concejal fue amenazado de muerte por suboficial retirado https://t.co/KqNIs83VU3 https://t.co/ZndCzzDS6u,http://www.twitter.com/DiarioExtraPy/status/729977350553657345,1,0,0
Extra,2016-05-10 10:11:15,#TuDinero Ofrecen cuotas de G. 499.000 para hacer tu primera casa https://t.co/Fk8yMYZVA9 https://t.co/1YIIrJTyfz,http://www.twitter.com/DiarioExtraPy/status/729977089311444992,2,2,0
Extra,2016-05-10 10:09:59,#Denuncia Vecinos preocupados por las calles en mal estado https://t.co/uH4mdPMNK7 https://t.co/gJFAQ07Pps,http://www.twitter.com/DiarioExtraPy/status/729976771618086912,0,0,0
Extra,2016-05-10 10:08:59,#Mundo ¡Por una hamburguesa mató a su hermano! https://t.co/jWiFnApwUI https://t.co/WPfncqdjZE,http://www.twitter.com/DiarioExtraPy/status/729976519146098688,0,0,0
Extra,2016-05-10 10:08:17,#Fama Candidata a “Miss Horqueta” fue agredida a días del certamen https://t.co/NtKvHY6EVu https://t.co/dIAY51nHa1,http://www.twitter.com/DiarioExtraPy/status/729976344730345473,0,0,0
Extra,2016-05-10 10:07:42,#Fama La entrevista inédita realizada a Don Ramón https://t.co/mjo7kYD5LL https://t.co/gVvnHKBJYZ,http://www.twitter.com/DiarioExtraPy/status/729976197677875200,0,0,0
Extra,2016-05-10 10:06:07,"#Deportes El “Rey”, de la mano del “Willi” mete dramatismo en la batalla https://t.co/OC9a2HzWAP https://t.co/rpXw0Z3HgJ",http://www.twitter.com/DiarioExtraPy/status/729975800867360768,1,1,0
Extra,2016-05-10 10:04:56,#Deportes El Repollero plantó otro triunfo camino al título https://t.co/9NxJK1USPn https://t.co/C1z0cQuhkS,http://www.twitter.com/DiarioExtraPy/status/729975500144185344,0,1,0
Extra,2016-05-10 10:04:13,#Deportes Capiatá barrió ante un General que está bajando de rango https://t.co/Y0Bkjk2fqo https://t.co/QoENAzBY79,http://www.twitter.com/DiarioExtraPy/status/729975321689083904,0,0,0
Extra,2016-05-10 10:03:12,#Deportes Errores que cuestan caro para el Ciclón https://t.co/Fvg0hxQCLk https://t.co/rYj0fisNZS,http://www.twitter.com/DiarioExtraPy/status/729975066180489217,0,0,0
Extra,2016-05-10 10:02:04,#Deportes Prioridad: “La base” https://t.co/0OgPteRfgl https://t.co/saXYZbsr7G,http://www.twitter.com/DiarioExtraPy/status/729974781630504960,0,1,0
Extra,2016-05-10 10:00:23,#Columnistas No olvidemos a Edelio y a Abraham https://t.co/6KNa8127XG https://t.co/RWFj9p3KD2,http://www.twitter.com/DiarioExtraPy/status/729974354797166593,0,0,0
Extra,2016-05-09 10:30:31,Buenos días! Compartimos la portada de este lunes. https://t.co/iIws46ape3,http://www.twitter.com/DiarioExtraPy/status/729619552762511360,0,0,0
Extra,2016-05-09 10:18:17,#Actualidad Besó en la boca a su “hijastra” y está preso https://t.co/LmYyfnHW3r https://t.co/6ai8fjDSP9,http://www.twitter.com/DiarioExtraPy/status/729616471932977152,0,0,0
Extra,2016-05-09 10:17:07,#Actualidad Alumnos están molestos con Cartes y van a paro indefinido https://t.co/X5xYMzqGJA https://t.co/NFtsKb2iP5,http://www.twitter.com/DiarioExtraPy/status/729616180571316225,0,1,0
Extra,2016-05-09 10:16:11,#Actualidad Conmoción en Santa Rita por crimen de promotora https://t.co/DI3xXtenf2 https://t.co/C4wn7dCmLu,http://www.twitter.com/DiarioExtraPy/status/729615945602244612,0,1,0
Extra,2016-05-09 10:14:44,#Actualidad Cura denunciado por abuso se someterá a la Justicia https://t.co/AnobwfJkpM https://t.co/qNB4SYySeH,http://www.twitter.com/DiarioExtraPy/status/729615579850510336,1,10,0
Extra,2016-05-09 10:13:44,#Actualidad La profesora no quiso dejarla rendir porque llevó a su beba https://t.co/ERPA03lkEX https://t.co/S6F67GwgXd,http://www.twitter.com/DiarioExtraPy/status/729615327340810240,0,2,0
Extra,2016-05-09 10:12:50,#Actualidad Mucha gente disfrutó del arte de adiestrar aves salvajes https://t.co/W4Saxuoo89 https://t.co/YDXui6LrGY,http://www.twitter.com/DiarioExtraPy/status/729615100991012864,0,0,0
Extra,2016-05-09 10:11:42,#Deportes El Ciclón de “Mori” está anclado en el certamen https://t.co/KLyMoXPd36 https://t.co/1mk1lLFDXv,http://www.twitter.com/DiarioExtraPy/status/729614816231329792,0,0,0
Extra,2016-05-09 10:10:37,#TuDinero SNPP ofrece diversos cursos gratuitos en Coronel Bogado https://t.co/3AhOWRkMVP https://t.co/xBf1GGpBNQ,http://www.twitter.com/DiarioExtraPy/status/729614545556115457,0,0,0
Extra,2016-05-09 10:10:15,#Denuncia Mataron a balazos a dos agricultores tras gresca https://t.co/8NA9JrFP04 https://t.co/GbVMS8aqWn,http://www.twitter.com/DiarioExtraPy/status/729614449636597760,0,0,0
Extra,2016-05-09 10:08:21,#Mundo Trump acusó a Hillary de “tapar” infidelidad https://t.co/i1DmM2IvLH https://t.co/jdW9y3C9co,http://www.twitter.com/DiarioExtraPy/status/729613972681330688,0,0,0
Extra,2016-05-09 10:07:20,#Fama 5a edición de la ExpoAnimé juntó a 5.000 fanáticos https://t.co/RcaarWj2sV https://t.co/FVpfCKSpNA,http://www.twitter.com/DiarioExtraPy/status/729613716371603456,0,0,0
Extra,2016-05-09 10:06:35,#Fama Conductores de TV fisicudos Vs. gorditos https://t.co/OyohcK6wz5 https://t.co/SseVD6o4CT,http://www.twitter.com/DiarioExtraPy/status/729613528336736256,0,0,0
Extra,2016-05-09 10:06:07,"#Deportes Clásico, añejo y para alquilar balcones https://t.co/4N5RffxNbi https://t.co/tB5jUV443a",http://www.twitter.com/DiarioExtraPy/status/729613411336642560,0,0,0
Extra,2016-05-09 10:05:04,#Deportes En su Huerta buscará la Libertad de seguir líder https://t.co/1hBKxYWRmP https://t.co/seIoRz9zk9,http://www.twitter.com/DiarioExtraPy/status/729613148584448000,0,0,0
Extra,2016-05-09 10:04:19,#Deportes El Sol perdió brillo y se aleja del sueño https://t.co/5aDX4wZcRW https://t.co/YNopj0z7T2,http://www.twitter.com/DiarioExtraPy/status/729612960016928768,0,0,0
Extra,2016-05-09 10:02:57,#Deportes Un cumpleaños especial de Caaguazú https://t.co/dTVQFwaUrK https://t.co/5qHQQ8UjPU,http://www.twitter.com/DiarioExtraPy/status/729612613714206720,1,0,0
Extra,2016-05-09 10:01:48,#Deportes El Kelito revive su ilusión en Santísima Trinidad https://t.co/3PBJjnZrok https://t.co/xaGxaUjOlS,http://www.twitter.com/DiarioExtraPy/status/729612326265987072,0,0,0
Extra,2016-05-09 10:01:03,#Columnistas El estudiantazo https://t.co/yPCU3qUCeP https://t.co/YOZ4cwee9L,http://www.twitter.com/DiarioExtraPy/status/729612135953661952,1,1,0
Extra,2016-05-08 11:50:08,Buenos días! Compartimos la portada de este domingo. https://t.co/UUH3DHUKsv,http://www.twitter.com/DiarioExtraPy/status/729277201061924865,2,0,1
Extra,2016-05-08 10:22:27,"#Actualidad Bebé nació en una patrullera, camino al hospital de Luque https://t.co/H10idtDEwQ https://t.co/tJZ7C8tw6n",http://www.twitter.com/DiarioExtraPy/status/729255135336009729,0,0,0
Extra,2016-05-08 10:21:46,#Actualidad Profe va en canoa para enseñar en la escuela https://t.co/WQvH3ZSBHE https://t.co/Jq3mk80Ns1,http://www.twitter.com/DiarioExtraPy/status/729254961670856704,1,1,0
Extra,2016-05-08 10:20:19,#Actualidad Asesinan a una mujer y sospechan de su pareja https://t.co/ZtcBxrgXwl https://t.co/FEwlbrAOc0,http://www.twitter.com/DiarioExtraPy/status/729254598700085248,0,1,0
Extra,2016-05-08 10:15:30,#Actualidad Alumnos encerrados temen represalias de su directora https://t.co/74q3IiMgPE https://t.co/qqHHGACraA,http://www.twitter.com/DiarioExtraPy/status/729253383937220608,1,1,0
Extra,2016-05-08 10:13:13,#Actualidad Festejaron 74 años de existencia del Mercado 4 https://t.co/qHPJ9Cr5Zc https://t.co/lm6KOBXbUJ,http://www.twitter.com/DiarioExtraPy/status/729252811540549632,0,0,0
Extra,2016-05-08 10:10:51,#Actualidad Marcharon a favor de la marihuana https://t.co/Nd93ANnIEa https://t.co/SqYav359Jd,http://www.twitter.com/DiarioExtraPy/status/729252214175240192,0,0,0
Extra,2016-05-08 10:09:56,#Denuncia Alto riesgo de accidentes a raíz de grandes baches https://t.co/pJ7X5PYxhW https://t.co/1RMplplwUg,http://www.twitter.com/DiarioExtraPy/status/729251983996018688,0,1,0
Extra,2016-05-08 10:09:01,#Mundo El papa pidió que recen para que sea más pobre https://t.co/f6nms6c2Bb https://t.co/ABuCyp5l6X,http://www.twitter.com/DiarioExtraPy/status/729251755435819008,0,0,0
Extra,2016-05-08 10:08:00,"#Fama Edwin e Iván, los cuestionados carilindos del mundo deportivo https://t.co/yT1zIwtwNj https://t.co/NnOEWzzAnZ",http://www.twitter.com/DiarioExtraPy/status/729251499415502848,0,0,1
Extra,2016-05-08 10:07:10,"#Fama “Quiero llegar a la final, sé que llegaré muy lejos” https://t.co/Qxt7NysZtI https://t.co/5FVDvdJVoP",http://www.twitter.com/DiarioExtraPy/status/729251289234694147,0,0,0
Extra,2016-05-08 10:05:24,#Deportes Vecinos buscan ahogar penas https://t.co/hJyMUmTfU4 https://t.co/ZeB5JKXa33,http://www.twitter.com/DiarioExtraPy/status/729250841425682433,0,0,0
Extra,2016-05-08 10:04:36,#Deportes “Chiqui” avisora un gran partido https://t.co/EyKKFPPiKd,http://www.twitter.com/DiarioExtraPy/status/729250639880949760,0,0,0
Extra,2016-05-08 10:04:17,#Deportes No se fían del Aborigen https://t.co/sp0L0m68Cc https://t.co/174A451UEO,http://www.twitter.com/DiarioExtraPy/status/729250562756087808,0,0,0
Extra,2016-05-08 10:02:25,"#Deportes Con “Sasá” recuperado, buscarán la estrella 19 https://t.co/Y351jBiXFP https://t.co/qIxIhwJTeX",http://www.twitter.com/DiarioExtraPy/status/729250092264214528,0,0,0
Extra,2016-05-08 10:01:25,#Deportes Danzará con el Matarife https://t.co/xNCkk2tfdd https://t.co/MNnqe5yzRj,http://www.twitter.com/DiarioExtraPy/status/729249839909756929,0,0,0
Extra,2016-05-08 10:00:23,"#Columnistas Unidos, por un Paraguay mejor https://t.co/1YnX78JLHb https://t.co/JnBJKH4Hu5",http://www.twitter.com/DiarioExtraPy/status/729249582429790208,1,0,0
Extra,2016-05-07 11:41:20,Cordiales saludos! Les presentamos nuestros principales títulos del día. #TapaExtra https://t.co/zDRkpND9OV,http://www.twitter.com/DiarioExtraPy/status/728912597911752704,0,2,0
Extra,2016-05-07 10:17:15,#Actualidad Vacunas contra la influenza ya están listas en los hospitales https://t.co/PS06InzMNo https://t.co/1OkgrJWEvJ,http://www.twitter.com/DiarioExtraPy/status/728891438176477184,0,0,0
Extra,2016-05-07 10:16:07,#Actualidad Estudiantes piden ministro sin antecedentes de corrupción https://t.co/eCjYLHy4ud https://t.co/NnGi0mS0eN,http://www.twitter.com/DiarioExtraPy/status/728891150656905216,2,0,0
Extra,2016-05-07 10:14:59,#Actualidad Alimentarán a perros de la calle con comederos https://t.co/ma351MXTa0 https://t.co/ANP1qIci2j,http://www.twitter.com/DiarioExtraPy/status/728890865096138752,1,0,0
Extra,2016-05-07 10:13:43,"#Actualidad Entre frutas y yuyos, Ña Rosa es la ""mamá guasú” del Mercado 4 https://t.co/XOhIH11OIH https://t.co/w45k0slPim",http://www.twitter.com/DiarioExtraPy/status/728890548736548864,0,0,0
Extra,2016-05-07 10:12:49,#Actualidad Cierran tránsito en zona de Costanera https://t.co/402N2lvV8u https://t.co/iitiJ2z5jl,http://www.twitter.com/DiarioExtraPy/status/728890321422061568,0,1,0
Extra,2016-05-07 10:11:58,#Actualidad Polémica por proyecto que busca instalar filtros a internet https://t.co/nbPSUq0dHp https://t.co/NwTxrvZlpP,http://www.twitter.com/DiarioExtraPy/status/728890107973881856,0,0,0
Extra,2016-05-07 10:11:06,#TuDinero El Ministerio del Interior ofrece 16 puestos de trabajo https://t.co/H3tuwAb9Qy https://t.co/RCC4hzeeAX,http://www.twitter.com/DiarioExtraPy/status/728889889974980608,2,2,0
Extra,2016-05-07 10:10:16,#Denuncia El asaltante de campera roja los tiene en zozobra https://t.co/aTixgNyZZT https://t.co/pr4AjPB8ZR,http://www.twitter.com/DiarioExtraPy/status/728889681585176576,1,1,0
Extra,2016-05-07 10:08:26,#Mundo Abuela centenaria rompe récord https://t.co/KO4JOBAWks,http://www.twitter.com/DiarioExtraPy/status/728889219251249154,1,0,0
Extra,2016-05-07 10:07:36,#Fama Crocco: “Escuchar a Camarasa es similar a comer mondongo con dulce de leche” https://t.co/QYGW3dY0n0 https://t.co/iJNFaMOXfR,http://www.twitter.com/DiarioExtraPy/status/728889007203983362,1,0,0
Extra,2016-05-07 10:07:36,#Fama Crocco: “Escuchar a Camarasa es similar a comer mondongo con dulce de leche” https://t.co/QYGW3dY0n0 https://t.co/iJNFaMOXfR,http://www.twitter.com/DiarioExtraPy/status/728889007203983362,1,0,0
Extra,2016-05-07 10:06:43,#Fama “El señor Barriga” se presentó en Santa Rita https://t.co/i8S1CjOYQi https://t.co/J8zptI3Zze,http://www.twitter.com/DiarioExtraPy/status/728888787472809984,1,0,0
Extra,2016-05-07 10:05:43,#Deportes Avisa que saldrán con él más de 30 futbolistas https://t.co/vgtn2PUSSV https://t.co/JXMY7wMjJJ,http://www.twitter.com/DiarioExtraPy/status/728888536460447744,0,0,0
Extra,2016-05-07 10:05:11,#Deportes ¿El remedio fue peor que la enfermedad? https://t.co/NHHpI1vbQs https://t.co/5IYbMBJzcU,http://www.twitter.com/DiarioExtraPy/status/728888401231912960,1,1,0
Extra,2016-05-07 10:03:47,"#Deportes “No Willi, no fiesta” para el “Expreso Decano” https://t.co/oVGvNLayGu https://t.co/hxMnNvTlWc",http://www.twitter.com/DiarioExtraPy/status/728888046431535104,0,1,0
Extra,2016-05-07 10:03:01,#Deportes El hándbol guaraní vive su mejor era https://t.co/ZuUB4sXjH8 https://t.co/LnAlO6v17H,http://www.twitter.com/DiarioExtraPy/status/728887856165355524,1,0,0
Extra,2016-05-07 10:01:52,"#Deportes Conciertos, pizzas y mucha cerveza por la hazaña https://t.co/TRtUDLdrhl https://t.co/aoOI2eKxio",http://www.twitter.com/DiarioExtraPy/status/728887568029220864,1,0,0
Extra,2016-05-07 10:01:19,"#Columnistas Luego de la sentata, “estudiata” https://t.co/QLGxG8taCN",http://www.twitter.com/DiarioExtraPy/status/728887426039484417,0,0,0
Extra,2016-05-06 11:44:11,Buenos días! Les presentamos nuestra portada de este viernes. https://t.co/5b4uwgAnV2,http://www.twitter.com/DiarioExtraPy/status/728550926785642496,0,2,0
Extra,2016-05-06 10:16:49,#Actualidad Los estudiantes tumbaron a Lafuente y esperan a Cartes https://t.co/YefhnBkyxY https://t.co/jZ3wJJiXvA,http://www.twitter.com/DiarioExtraPy/status/728528939119837184,0,0,0
Extra,2016-05-06 10:15:28,#Actualidad Los líderes estudiantiles que dejaron huellas en la historia https://t.co/8AbL20u24L https://t.co/r8kiS8zVTB,http://www.twitter.com/DiarioExtraPy/status/728528599695826944,0,0,0
Extra,2016-05-06 10:14:38,"#Actualidad Con guacha, senador oviedista defendió al presidente Cartes https://t.co/rreRKewlx2 https://t.co/ECiXexwOzS",http://www.twitter.com/DiarioExtraPy/status/728528389372416000,0,1,3
Extra,2016-05-06 10:13:28,#Actualidad Encuentran un extraño “payé” en barrio Virgen de Caacupé https://t.co/742ut8QpQq https://t.co/fiqfvoNyrS,http://www.twitter.com/DiarioExtraPy/status/728528096672931840,0,0,0
Extra,2016-05-06 10:12:28,#Actualidad Robo en iglesia: llevaron hasta corona de la Virgen https://t.co/8WR6rbIW8c https://t.co/RGInhZvbTz,http://www.twitter.com/DiarioExtraPy/status/728527847590088704,0,1,0
Extra,2016-05-06 10:11:32,#Actualidad Ejecutan a abogado y dejan el cuerpo en valijera de un auto https://t.co/h6PrGtPGin https://t.co/XFspwQNrrx,http://www.twitter.com/DiarioExtraPy/status/728527612750913536,0,0,0
Extra,2016-05-06 10:10:34,#TuDinero Ofrecen 80 puestos en feria de trabajo para limpiavidrios https://t.co/IAvmEA5C2t https://t.co/g7Kc0xbiwn,http://www.twitter.com/DiarioExtraPy/status/728527366155210752,1,2,0
Extra,2016-05-06 10:09:26,#Denuncia Denuncian a Caminera por supuesto pedido de coima https://t.co/6m2l9FOV1F https://t.co/Su5kJRLnxP,http://www.twitter.com/DiarioExtraPy/status/728527084054700033,0,0,0
Extra,2016-05-06 10:08:27,#Mundo Donó riñón a su jefa pero esta la echó luego https://t.co/wh20hRFqM8 https://t.co/iFzv5vrjcT,http://www.twitter.com/DiarioExtraPy/status/728526836385243136,0,5,0
Extra,2016-05-06 10:07:27,#Fama Eligieron a la gordita más linda de Paraguay buscando luchar contra la discriminación https://t.co/feODk0CuGT https://t.co/CE1rZgImsQ,http://www.twitter.com/DiarioExtraPy/status/728526584479506433,3,1,0
Extra,2016-05-06 10:07:05,"#Fama Maxi Pérez Park, el niño mediático más tierno https://t.co/p9ElNOqB5h https://t.co/7mCTkv2pKH",http://www.twitter.com/DiarioExtraPy/status/728526492162920448,18,0,1
Extra,2016-05-06 10:06:11,#Deportes La Bombonera apagó el Ciclón https://t.co/AGGeTPDpOd https://t.co/EyWwqU7nZi,http://www.twitter.com/DiarioExtraPy/status/728526263200047104,1,0,0
Extra,2016-05-06 10:05:18,#Deportes Un aguafiestas “General” https://t.co/JTZby6P6C0 https://t.co/EjNMYGMMww,http://www.twitter.com/DiarioExtraPy/status/728526042315427840,0,1,0
Extra,2016-05-06 10:04:30,#Deportes Los diamantes en bruto piden pista en el Ciclón https://t.co/KzluJr8uPk https://t.co/PdUxxAsvDH,http://www.twitter.com/DiarioExtraPy/status/728525838967177216,0,0,0
Extra,2016-05-06 10:03:08,#Deportes El guaraní Azcona estuvo Monumental en la Copa https://t.co/V9GC57Ppij https://t.co/zw9GquqY6Q,http://www.twitter.com/DiarioExtraPy/status/728525497089417217,1,2,1
Extra,2016-05-06 10:02:06,#Deportes El Escobero no pudo barrer a un Kelito diezmado https://t.co/YgHFQC8aO7 https://t.co/n7RD4hK6yf,http://www.twitter.com/DiarioExtraPy/status/728525236455411712,0,0,0
Extra,2016-05-06 10:00:59,#Columnistas La derrota de la guacheada https://t.co/emFFr3uRqx https://t.co/CpcCh9uvL2,http://www.twitter.com/DiarioExtraPy/status/728524955021778949,0,1,0
Extra,2016-05-06 02:17:49,#Deportes Bale guía a la tropa Real hasta la batalla de Milán https://t.co/f06H6hHOxl https://t.co/lUWmWswqJE,http://www.twitter.com/DiarioExtraPy/status/728408395955326977,0,1,0
Extra,2016-05-06 02:16:34,#Deportes Una remera por la vida https://t.co/o7d821I530 https://t.co/hFoI0ducum,http://www.twitter.com/DiarioExtraPy/status/728408080094892033,0,1,0
Extra,2016-05-05 10:55:59,Cordiales saludos! Compartimos la portada de este jueves. https://t.co/2WU9RQw5oC,http://www.twitter.com/DiarioExtraPy/status/728176407516487680,1,0,0
Extra,2016-05-05 10:16:45,#Actualidad La protesta estudiantil se extendió por el país https://t.co/Ue7NPVfL7v https://t.co/DwL5ArXPGa,http://www.twitter.com/DiarioExtraPy/status/728166534552551424,0,1,0
Extra,2016-05-05 10:16:15,#Actualidad Toma de colegios: a Lafuente no le asusta “rebeldía juvenil” https://t.co/hZ3X50VTHg https://t.co/WE8atdD5Yq,http://www.twitter.com/DiarioExtraPy/status/728166411885891584,1,2,0
Extra,2016-05-05 10:15:26,#Actualidad Una embarazada de 6 meses contrajo zika en Pedro Juan https://t.co/BK2Uolo8Qt https://t.co/MLV5cozWXp,http://www.twitter.com/DiarioExtraPy/status/728166205312229376,0,1,0
Extra,2016-05-05 10:14:03,#Actualidad Conocé cuáles son los tramos y las terminales del metrobús https://t.co/u75TT5pCaL https://t.co/wVDStFtYF0,http://www.twitter.com/DiarioExtraPy/status/728165857558306816,1,0,0
Extra,2016-05-05 10:13:13,#Actualidad Fue preso por pagar cerveza con cheque mau https://t.co/Z741VseMVm https://t.co/JIxnU4Ys3W,http://www.twitter.com/DiarioExtraPy/status/728165644680593410,1,2,0
Extra,2016-05-05 10:11:53,#Actualidad Matan a balazos a un hombre en baldío de Capilla del Monte https://t.co/5U5S3tdnhe https://t.co/mNtHoJDG1E,http://www.twitter.com/DiarioExtraPy/status/728165310000336896,0,0,0
Extra,2016-05-05 10:11:02,#TuDinero 50 cupos ofrecen en curso de costura industrial https://t.co/BUy7rlBxTp https://t.co/US02W8UigY,http://www.twitter.com/DiarioExtraPy/status/728165098066345984,0,0,0
Extra,2016-05-05 10:10:14,#Denuncia Denuncian a director por supuesto acoso a alumno https://t.co/3r9n97pgQn https://t.co/bIRw552FdG,http://www.twitter.com/DiarioExtraPy/status/728164895309463556,0,0,0
Extra,2016-05-05 10:08:21,#Mundo Insólito: empresa trata de revivir a los muertos https://t.co/fhanbp7RGz https://t.co/oZPIqitZHl,http://www.twitter.com/DiarioExtraPy/status/728164423618076672,0,0,0
Extra,2016-05-05 10:07:39,#Fama Lanzan jocosa parodia de la ministra Lafuente https://t.co/2TVH94dE1b https://t.co/C4oPmZ5waU,http://www.twitter.com/DiarioExtraPy/status/728164244458373120,0,1,0
Extra,2016-05-05 10:06:29,#Fama Lorena Arias fue asaltada pero enfrentó a los delincuentes https://t.co/nbPPONxENt https://t.co/xwdlIOhe7O,http://www.twitter.com/DiarioExtraPy/status/728163953625341952,0,1,3
Extra,2016-05-05 10:06:06,#Deportes Se adelanta por “una cabeza” https://t.co/mzPRXfkdNe https://t.co/iMeZIiBs2o,http://www.twitter.com/DiarioExtraPy/status/728163853985419264,0,0,0
Extra,2016-05-05 10:05:06,#Deportes Repartija de puntos https://t.co/cod3ugQ0ww https://t.co/m1taH8xqxb,http://www.twitter.com/DiarioExtraPy/status/728163604315283456,0,0,0
Extra,2016-05-05 10:04:00,#Deportes Sol se embarró aún más en el Chiquero https://t.co/GIWwPZiRBl https://t.co/yRKUiVFVEN,http://www.twitter.com/DiarioExtraPy/status/728163328586035201,0,0,0
Extra,2016-05-05 10:02:54,#Deportes El Indio pide cancha en el final https://t.co/LEsd2vaIub https://t.co/pIxnZVAdmh,http://www.twitter.com/DiarioExtraPy/status/728163050130284544,0,1,0
Extra,2016-05-05 10:01:45,#Deportes Tiene que ser la Primera https://t.co/zUtzeUMaTd https://t.co/CSEB3W6WF9,http://www.twitter.com/DiarioExtraPy/status/728162759997718528,2,1,0
Extra,2016-05-05 10:00:56,#Columnistas VAN POR EL FUTURO https://t.co/WzMI47oKS7 https://t.co/qLCNCRp9RM,http://www.twitter.com/DiarioExtraPy/status/728162557417000960,1,0,0
Extra,2016-05-04 14:01:27,#Deportes “Carasucias” ante la “Ferrari” https://t.co/NyExyA91sv https://t.co/pOIxDiLmCW,http://www.twitter.com/DiarioExtraPy/status/727860697552453633,0,1,0
Extra,2016-05-04 13:59:30,#Deportes El objetivo es “General” https://t.co/7VRGwm6nUO https://t.co/8t0S0hJMZj,http://www.twitter.com/DiarioExtraPy/status/727860204956585984,0,0,0
Extra,2016-05-04 13:58:30,#Deportes Amelio Andino le tocó la oreja a los franjeados https://t.co/WiJxfAL5rd https://t.co/qAZMHWOMNa,http://www.twitter.com/DiarioExtraPy/status/727859954967666688,0,3,0
Extra,2016-05-04 13:56:29,#Deportes Defensa del Dr. Leoz cuestiona a la Corte https://t.co/GQdloQS8d7 https://t.co/U1n6LScZ9i,http://www.twitter.com/DiarioExtraPy/status/727859445590433792,0,0,0
Extra,2016-05-04 13:55:49,#Deportes El “Monchi” estaría tras los pasos del “Perro” https://t.co/7e5Pmyaf5J https://t.co/LDQr7LzuSd,http://www.twitter.com/DiarioExtraPy/status/727859277516283905,0,0,0
Extra,2016-05-04 13:55:10,#Deportes Los finalistas pueden levantar la mano https://t.co/pvM7Wvh8qH,http://www.twitter.com/DiarioExtraPy/status/727859112646606848,0,0,0
Extra,2016-05-04 13:54:16,"#Fama Famosos aseguran que andar en bici no se trata de una moda, sino de un estilo de vida https://t.co/NDCYF6hP0y https://t.co/sYvjp45YMa",http://www.twitter.com/DiarioExtraPy/status/727858886045097985,2,4,0
Extra,2016-05-04 13:53:19,#Fama Joven representará a Paraguay por el mundo https://t.co/6hITN8itjE https://t.co/5wZfl0TzKf,http://www.twitter.com/DiarioExtraPy/status/727858648899162116,0,1,0
Extra,2016-05-04 13:21:14,#Opinión El cepillerismo “ZI” tiene un edén https://t.co/fJFrQfpJ9p https://t.co/93Jr6Kc9g1,http://www.twitter.com/DiarioExtraPy/status/727850575136628737,1,3,0
Extra,2016-05-04 13:20:16,#Actualidad Estudiantes acorralan a Marta Lafuente y exigen su renuncia https://t.co/VfPPud6NbR https://t.co/pG1rBlmTz4,http://www.twitter.com/DiarioExtraPy/status/727850331493699585,0,7,0
Extra,2016-05-04 13:19:12,"#Actualidad Muchos alumnos no consumen frutas ni verduras, según MEC https://t.co/v7KKyHUc7e https://t.co/2jljNnmnjO",http://www.twitter.com/DiarioExtraPy/status/727850063481868288,0,2,0
Extra,2016-05-04 13:17:43,#Actualidad Autor del himno a los Zacarías admitió ser “chupamedias” https://t.co/munDRFd9Jf https://t.co/gU3BKCfjmh,http://www.twitter.com/DiarioExtraPy/status/727849691375767553,0,6,1
Extra,2016-05-04 13:16:35,#Actualidad Católicos celebraron el “kurusu ára” con chipa https://t.co/mV7tpZ0PXr https://t.co/VsURjIRXqK,http://www.twitter.com/DiarioExtraPy/status/727849403235504129,1,2,0
Extra,2016-05-04 13:15:50,#Actualidad Armas desde los 18: solo para policías y militares https://t.co/xSxEpwJVQF https://t.co/SICNOFdWza,http://www.twitter.com/DiarioExtraPy/status/727849215326494720,0,0,0
Extra,2016-05-04 13:15:03,#Actualidad Hermanos chocaron entre sí en moto y fallecieron https://t.co/e25vgzrh00 https://t.co/yR6HxFuOA3,http://www.twitter.com/DiarioExtraPy/status/727849017388863489,0,0,0
Extra,2016-05-04 13:14:17,#TuDinero Variados planes para llamadas de voz ofrecen las telefónicas https://t.co/N9tZfz5mUy https://t.co/IF1ixeBdeq,http://www.twitter.com/DiarioExtraPy/status/727848826434822145,0,0,0
Extra,2016-05-04 13:13:13,#Denuncia Agente policial considera injusta su inminente baja https://t.co/cf2ekCEiKv https://t.co/ftrAy96iGS,http://www.twitter.com/DiarioExtraPy/status/727848555759607809,0,2,0
Extra,2016-05-04 13:12:25,#Mundo Argentinos cargan nafta cruzando las fronteras https://t.co/7WaVjHMqR1 https://t.co/dNcYuNxvqf,http://www.twitter.com/DiarioExtraPy/status/727848355120832512,5,3,2
Extra,2016-05-04 11:00:57,#TapaExtra Cordiales saludos! Les presentamos nuestra portada del día. https://t.co/b7FsAQmeyz,http://www.twitter.com/DiarioExtraPy/status/727815272254611456,4,2,0
Extra,2016-05-03 10:30:43,#TapaExtra Cordiales saludos! Compartimos la portada de este martes. https://t.co/azXPuIaefN,http://www.twitter.com/DiarioExtraPy/status/727445274348523520,0,1,0
Extra,2016-05-03 10:16:27,#Actualidad Pretenden reducir a 18 años la edad para portación de armas https://t.co/0FhHlqNvBw https://t.co/sw08C7PB95,http://www.twitter.com/DiarioExtraPy/status/727441684712181760,0,1,0
Extra,2016-05-03 10:16:07,#Actualidad Solitario asaltante roba G. 800 millones de un supermercado https://t.co/RJLS0mL8Mm https://t.co/psUEwsAfC2,http://www.twitter.com/DiarioExtraPy/status/727441602830946305,0,0,0
Extra,2016-05-03 10:15:10,#Actualidad Habilitan esquina solidaria con abrigos para los necesitados https://t.co/Wi5noaVV0z https://t.co/KHOYAvVvMs,http://www.twitter.com/DiarioExtraPy/status/727441362245689345,0,0,0
Extra,2016-05-03 10:14:16,#Actualidad Los albañiles “modernos” que rompen esquemas https://t.co/nKBgOpWzcm https://t.co/f4vAlBBdVw,http://www.twitter.com/DiarioExtraPy/status/727441134755057665,0,0,0
Extra,2016-05-03 10:12:24,#Actualidad Almuerzo escolar se desperdicia en escuelas https://t.co/xCCtokRGxP https://t.co/tloge1dcRy,http://www.twitter.com/DiarioExtraPy/status/727440667228536832,0,1,0
Extra,2016-05-03 10:11:28,"#Actualidad Mientras se pateaban penales, lo mató de un balazo en la cabeza https://t.co/cwLc8aMPNT https://t.co/bZ4DUjhSEr",http://www.twitter.com/DiarioExtraPy/status/727440428530720769,0,0,0
Extra,2016-05-03 10:10:36,#TuDinero Ofrecen capacitación para obtener el primer empleo https://t.co/lBnH1VgcYd https://t.co/1FBrWoA9CY,http://www.twitter.com/DiarioExtraPy/status/727440211248996352,0,1,0
Extra,2016-05-03 10:10:15,#Denuncia Caminos en mal estado perjudican a productores https://t.co/F6ePgx31wU https://t.co/iYC6mkWAcD,http://www.twitter.com/DiarioExtraPy/status/727440125957824513,0,1,0
Extra,2016-05-03 10:08:28,#Mundo En poco más de 30 años nos quedaremos sin agua https://t.co/OKHoUm2wnn https://t.co/UwBePObFre,http://www.twitter.com/DiarioExtraPy/status/727439675103698944,0,3,0
Extra,2016-05-03 10:08:09,#Fama Fátima Fernández se lanzó en contra de las cueronas https://t.co/Q1XiQt3j7f https://t.co/4T8Xtgyf1n,http://www.twitter.com/DiarioExtraPy/status/727439593914568704,0,0,0
Extra,2016-05-03 10:06:19,#Fama Cantantes discuten por “reinado de la cumbia” https://t.co/DtG5BGnBiM https://t.co/W1sOnAwEND,http://www.twitter.com/DiarioExtraPy/status/727439132645953536,0,0,0
Extra,2016-05-03 10:05:23,#Deportes Levanta el pulgar ¿hacia la otra vereda? https://t.co/UkjBP1O0VN https://t.co/RiGLz1vYbX,http://www.twitter.com/DiarioExtraPy/status/727438900646436864,0,0,0
Extra,2016-05-03 10:05:04,#Deportes Fernando Jubero encontró la llave del “Expreso Decano” que ya es puntero https://t.co/zP6ikuklmL https://t.co/v3YGx96cJr,http://www.twitter.com/DiarioExtraPy/status/727438818505158656,2,4,0
Extra,2016-05-03 10:03:37,#Deportes Confían en silenciar la Boca https://t.co/1JGVXm9uKJ https://t.co/175Ef5Odbl,http://www.twitter.com/DiarioExtraPy/status/727438453881737216,0,0,0
Extra,2016-05-03 10:02:30,#Deportes Inspirado en el soldado guaraní y en la Virgen https://t.co/17sQTkNBHs https://t.co/YQYzbcCQ3p,http://www.twitter.com/DiarioExtraPy/status/727438173391876096,0,1,0
Extra,2016-05-03 10:01:22,#Deportes Se fue al rally pese a la negativa de la “Patrona” https://t.co/uDhM3kNJbm https://t.co/wLwzzKDBuK,http://www.twitter.com/DiarioExtraPy/status/727437887814266880,0,0,0
Extra,2016-05-03 10:00:33,#Columnistas La justicia se bajó los pantalones https://t.co/GvGxyKuan2 https://t.co/Qidf2Pq2fX,http://www.twitter.com/DiarioExtraPy/status/727437685162283008,0,0,0
Extra,2016-05-02 10:30:24,Buenos días! Compartimos la portada del día. #TapaExtra https://t.co/MSJgfiYeJO,http://www.twitter.com/DiarioExtraPy/status/727082807437176832,3,6,0
Extra,2016-05-02 10:19:00,#Deportes El Guma ganó y respira aire puro en la cúspide https://t.co/5fpzI63nhc https://t.co/CM48b2zIjf,http://www.twitter.com/DiarioExtraPy/status/727079936536645632,0,1,0
Extra,2016-05-02 10:17:50,#Actualidad Harto de denunciar subió a una columna y cortó conexión mau https://t.co/qFlPM0MGjw https://t.co/7Tgc60qzal,http://www.twitter.com/DiarioExtraPy/status/727079645145767936,0,2,1
Extra,2016-05-02 10:16:58,#Actualidad “Trabajo como burro: calidá es Dios porque no me llevó aún” https://t.co/oFLmcsi0ky https://t.co/VyizRXbFD3,http://www.twitter.com/DiarioExtraPy/status/727079428568678400,0,3,0
Extra,2016-05-02 10:16:07,#Actualidad Discutieron por cerveza y asesinó a su hermano https://t.co/0LK1mA5o5c https://t.co/KDN3AzGlxo,http://www.twitter.com/DiarioExtraPy/status/727079211039498240,1,3,0
Extra,2016-05-02 10:15:22,#Actualidad Tacuatí: piden cese de los crímenes https://t.co/9wUcgLPDj7 https://t.co/SML6mGD4QI,http://www.twitter.com/DiarioExtraPy/status/727079025110192129,0,1,0
Extra,2016-05-02 10:13:25,#Actualidad Con jineteada y show en vivo festejaron el Día del Trabajador https://t.co/lkafhDmeaD https://t.co/cqZ8sdOqoR,http://www.twitter.com/DiarioExtraPy/status/727078532866678784,0,1,0
Extra,2016-05-02 10:11:37,"#Actualidad Camionero chocó, mató a un joven y se fugó https://t.co/VYFqj5u8fx https://t.co/3bJrxoaryr",http://www.twitter.com/DiarioExtraPy/status/727078080817188864,0,1,0
Extra,2016-05-02 10:10:39,#TuDinero El SNPP ofrece 34 nuevos cursos gratuitos por internet https://t.co/mSReoTwpBj https://t.co/hX8C0XGOnH,http://www.twitter.com/DiarioExtraPy/status/727077835215511552,1,2,0
Extra,2016-05-02 10:09:58,#Denuncia Fotodenuncias https://t.co/SK9tl2zNbq https://t.co/BazYAV2RL2,http://www.twitter.com/DiarioExtraPy/status/727077663752359936,0,3,0
Extra,2016-05-02 10:08:37,"#Mundo Se hace lipo para su boda, pero muere en operación https://t.co/nnlxPU4Abc https://t.co/KETyqhdZ3H",http://www.twitter.com/DiarioExtraPy/status/727077323502014464,1,0,0
Extra,2016-05-02 10:07:41,"#Fama Jagua ha Pirãi arrasan, actúan en fiestas patronales, discotecas y hasta en iglesias https://t.co/Yq23o5bjMS https://t.co/Y7mj7tVMee",http://www.twitter.com/DiarioExtraPy/status/727077088885268480,3,5,0
Extra,2016-05-02 10:06:46,#Fama “Estoy representando a toda una generación” https://t.co/D0FQZkgS3E https://t.co/ewYfzi4WY9,http://www.twitter.com/DiarioExtraPy/status/727076860668989440,1,1,0
Extra,2016-05-02 10:05:06,#Deportes Cenó un rico kure y subió a la cima https://t.co/H84k8On7Wj https://t.co/nhe99VK0pv,http://www.twitter.com/DiarioExtraPy/status/727076440353607680,4,12,0
Extra,2016-05-02 10:04:26,#Deportes “Clima de guerra” en la previa de Boca vs. Cerro https://t.co/R6efPYHAFz https://t.co/IFlMNmHcaA,http://www.twitter.com/DiarioExtraPy/status/727076273768419329,0,2,1
Extra,2016-05-02 10:02:57,#Deportes Vibrante jornada 6 en la Intermedia https://t.co/TvYkB4UzpE https://t.co/s0L37uHbkA,http://www.twitter.com/DiarioExtraPy/status/727075900408229888,1,1,0
Extra,2016-05-02 10:01:07,#Columnistas El silencio es complicidad https://t.co/WyRoshByvY https://t.co/q5BI4WAf39,http://www.twitter.com/DiarioExtraPy/status/727075438590234625,0,0,0
Extra,2016-05-01 10:16:20,#Actualidad 10 trabajos más insólitos y resistidos en Paraguay https://t.co/3S1aQqRwkn https://t.co/XAwvW2wnpY,http://www.twitter.com/DiarioExtraPy/status/726716880564686850,2,2,0
Extra,2016-05-01 10:15:31,#Actualidad Sicarios ejecutan a vendedor brasileño en Pedro Juan https://t.co/dKlAZ7nJ32 https://t.co/yzQVids37h,http://www.twitter.com/DiarioExtraPy/status/726716674133487616,0,0,0
Extra,2016-05-01 10:14:30,#Actualidad Cómo podés deshacerte de tus cachivaches y ganar dinero https://t.co/LzWgjnNlVO https://t.co/EDT9uqvXIR,http://www.twitter.com/DiarioExtraPy/status/726716416955547648,0,1,0
Extra,2016-05-01 10:13:07,#Actualidad Motos chatarra atraen a las alimañas https://t.co/DmBAwmKqox https://t.co/ZxOWWRL5Ei,http://www.twitter.com/DiarioExtraPy/status/726716068354355200,0,0,0
Extra,2016-05-01 10:12:07,#Actualidad Piden prisión para familiares de beba abusada y asesinada https://t.co/1F3e7fmbZS https://t.co/RVroviZkr1,http://www.twitter.com/DiarioExtraPy/status/726715816675151873,0,0,0
Extra,2016-05-01 10:11:07,#Actualidad Docentes festejaron con protestas https://t.co/omnuanZvHJ,http://www.twitter.com/DiarioExtraPy/status/726715566673645568,0,0,0
Extra,2016-05-01 10:10:09,#Denuncia Aislados por mal estado de caminos en Concepción https://t.co/wWNucikPXC https://t.co/WeBDMzovb2,http://www.twitter.com/DiarioExtraPy/status/726715324041560064,0,0,0
Extra,2016-05-01 10:09:13,#Mundo Planearon el asalto de su papá por WhatsApp https://t.co/nCM8fHEdlH https://t.co/7DEOauaJCi,http://www.twitter.com/DiarioExtraPy/status/726715090527985664,0,0,0
Extra,2016-05-01 10:08:18,#Fama “Carmen fue agredida físicamente por su hijo” https://t.co/Cy7p4rZ3Qi https://t.co/hhyLwh4vXr,http://www.twitter.com/DiarioExtraPy/status/726714859711160320,0,0,1
Extra,2016-05-01 10:07:05,#Fama A Jessica Torres no la dejaron entrar a un bar por ser famosa https://t.co/1qA7eVoHDJ,http://www.twitter.com/DiarioExtraPy/status/726714551752773632,0,0,0
Extra,2016-05-01 10:05:25,#Deportes Aplauden Repolleros y Franjeados https://t.co/LLug4rn0xa https://t.co/SFF3aumfqi,http://www.twitter.com/DiarioExtraPy/status/726714131449946116,0,0,0
Extra,2016-05-01 10:04:38,#Deportes El Indio no para de cazar rivales a flechazo limpio https://t.co/t18evNN2GC https://t.co/icinLALYHb,http://www.twitter.com/DiarioExtraPy/status/726713933948575745,0,0,0
Extra,2016-05-01 10:03:43,#Deportes Peligro en el bosque por un kure muy hambriento https://t.co/0uVg3PY9SG https://t.co/ByofC04PiS,http://www.twitter.com/DiarioExtraPy/status/726713704570454017,0,0,0
Extra,2016-05-01 10:02:24,#Deportes Clásico a cara de perro y a estadio lleno en Oviedo https://t.co/k5sT38BE88,http://www.twitter.com/DiarioExtraPy/status/726713374189346816,0,1,0
Extra,2016-05-01 10:01:28,#Deportes El Matarife apaga la ilusión del Rubio https://t.co/AiDfviCgeA https://t.co/KxyW5mDP3Q,http://www.twitter.com/DiarioExtraPy/status/726713138477850624,0,0,0
Extra,2016-05-01 10:00:37,"#Columnistas Día del Maestro, sin nada que celebrar https://t.co/IdUC2OhriE https://t.co/1jk5ELO3FR",http://www.twitter.com/DiarioExtraPy/status/726712923658186752,0,0,0
Extra,2016-04-30 11:30:18,#TapaExtra Buenos días! Les presentamos nuestros principales títulos del día. https://t.co/lBErtKZCoJ,http://www.twitter.com/DiarioExtraPy/status/726373105090871298,1,1,0
Extra,2016-04-30 10:16:43,#Actualidad Seis barras de Boca quedaron presos en el país tras disturbios https://t.co/fllOfcV7IS https://t.co/nZn1Uk4GJ9,http://www.twitter.com/DiarioExtraPy/status/726354588824031232,0,0,0
Extra,2016-04-30 10:15:39,#Actualidad “El crack y los malos amigos le destruyeron a mi hijo” https://t.co/bWoikmyV5q https://t.co/cbau1Ugara,http://www.twitter.com/DiarioExtraPy/status/726354318022963200,0,0,0
Extra,2016-04-30 10:14:54,#Actualidad Hay indicios de abuso y torturas en la muerte de beba de 1 año https://t.co/YsKcGzfaEY https://t.co/93C0YBV3PN,http://www.twitter.com/DiarioExtraPy/status/726354132135612416,0,0,0
Extra,2016-04-30 10:13:53,"#Actualidad “Viejos son los trapos”, dijeron los abuelitos al celebrar su día https://t.co/X0EEbzVu1l https://t.co/AI4V3lXNPe",http://www.twitter.com/DiarioExtraPy/status/726353873481269248,0,0,0
Extra,2016-04-30 10:13:06,#Actualidad “El pedido de renuncia debería ser la voz de toda la iglesia” https://t.co/AD9U5hVQZz https://t.co/o9J0XKewUO,http://www.twitter.com/DiarioExtraPy/status/726353676122525696,1,1,0
Extra,2016-04-30 10:12:16,#Actualidad Falleció el docente indígena premiado https://t.co/QP5CMdsKTW https://t.co/lMaP70dcT7,http://www.twitter.com/DiarioExtraPy/status/726353466348572672,0,0,0
Extra,2016-04-30 10:11:25,#TuDinero Ofrecen 150 puestos vacantes en Ministerio de Agricultura https://t.co/OZPLyupppP https://t.co/VrWbZZktNZ,http://www.twitter.com/DiarioExtraPy/status/726353256025182208,0,0,0
Extra,2016-04-30 10:09:34,#Denuncia Fotodenuncias https://t.co/qTz7HEQ2Px https://t.co/7VvW7v8LwO,http://www.twitter.com/DiarioExtraPy/status/726352789262110720,0,0,0
Extra,2016-04-30 10:09:08,"#Mundo Papa está en peligro, es objetivo de islamistas https://t.co/wJWxB5g2fW https://t.co/1GanTao1m4",http://www.twitter.com/DiarioExtraPy/status/726352679128047616,0,1,0
Extra,2016-04-30 10:07:41,#Fama Amigo cercano de la familia desmintió que la viuda de Paraná estaba abandonada https://t.co/so9Ht3PWKe https://t.co/vwOjOK9gdq,http://www.twitter.com/DiarioExtraPy/status/726352316975083520,0,1,0
Extra,2016-04-30 10:07:13,#Fama Lanzan ranking de las “maduritas más sexys” https://t.co/C4oCET76vj https://t.co/iQMeQBzuEH,http://www.twitter.com/DiarioExtraPy/status/726352196124577792,0,0,0
Extra,2016-04-30 10:05:28,#Deportes El “Monchi” elige las armas para la Copa https://t.co/5hHWidz1kU https://t.co/PLpQc126xc,http://www.twitter.com/DiarioExtraPy/status/726351757295513600,0,0,0
Extra,2016-04-30 10:04:51,"#Deportes Nacional sucumbió ante el ""Escobero"" https://t.co/UWn9GK9nY0 https://t.co/plDhu1yb79",http://www.twitter.com/DiarioExtraPy/status/726351602680893440,1,0,0
Extra,2016-04-30 10:04:19,#Deportes Obligado a dar vuelta la página https://t.co/TjD7ZfCsJR https://t.co/27fFxEyUGz,http://www.twitter.com/DiarioExtraPy/status/726351468597387264,0,0,0
Extra,2016-04-30 10:03:19,#Deportes Elogia a la hinchada y apunta a otro título https://t.co/A16E4yZma0 https://t.co/vxDk6MmTWr,http://www.twitter.com/DiarioExtraPy/status/726351215278182402,1,1,0
Extra,2016-04-30 10:02:15,#Deportes No para de evolucionar https://t.co/RInJ3WDOwz https://t.co/ltr9OBur2s,http://www.twitter.com/DiarioExtraPy/status/726350948189102080,0,0,0
